"","Zyxin","LYN.V.yes.1.Yamaguchi.sarcoma.viral.related.oncogene.homolog","Liver.mRNA.for.interferon.gamma.inducing.factor.IGIF.","GB.DEF...Homeodomain.protein.HoxA9.mRNA","INDUCED.MYELOID.LEUKEMIA.CELL.DIFFERENTIATION.PROTEIN.MCL1","Epb72.gene.exon.1","Azurocidin.gene","PPGB.Protective.protein.for.beta.galactosidase..galactosialidosis.","CD36.CD36.antigen..collagen.type.I.receptor..thrombospondin.receptor.","APLP2.Amyloid.beta..A4..precursor.like.protein.2","TIMP2.Tissue.inhibitor.of.metalloproteinase.2","C.myb.gene.extracted.from.Human..c.myb..gene..complete.primary.cds..and.five.complete.alternatively.spliced.cds","ME491..gene.extracted.from.H.sapiens.gene.for.Me491.CD63.antigen","TRANSCRIPTION.FACTOR.RELB","GB.DEF...CD36.gene.exon.15","Adenosine.triphosphatase.mRNA","RAS.RELATED.PROTEIN.RAB.1A","BSG.Basigin","CHRNA7.Cholinergic.receptor..nicotinic..alpha.polypeptide.7","PRKAR2B.Protein.kinase..cAMP.dependent..regulatory..type.II..beta","Quiescin..Q6..mRNA..partial.cds","PROTEASOME.IOTA.CHAIN","MPO.Myeloperoxidase","GB.DEF...Chloride.channel..putative..2163bp","ANPEP.Alanyl..membrane..aminopeptidase..aminopeptidase.N..aminopeptidase.M..microsomal.aminopeptidase..CD13.","MYL1.Myosin.light.chain..alkali.","AFFX.HUMTFRR.M11507_M_at..endogenous.control.","Nucleoside.diphosphate.kinase","LMNA.Lamin.A","GLUTATHIONE.S.TRANSFERASE..MICROSOMAL","ZNF42.Zinc.finger.protein.42..myeloid.specific.retinoic.acid.responsive.","GTF2E2.General.transcription.factor.TFIIE.beta.subunit..34.kD","Oncoprotein.18..Op18..gene","RNA.binding.protein.CUG.BP.hNab50..NAB50..mRNA","Clone.22.mRNA..alternative.splice.variant.alpha.1","PTGS2.Prostaglandin.endoperoxide.synthase.2..prostaglandin.G.H.synthase.and.cyclooxygenase.","HD.Huntingtin..Huntington.disease.","SLC6A8.gene..creatine.transporter..extracted.from.Human.Xq28.cosmid..creatine.transporter..SLC6A8..gene..and.CDM.gene..partial.cds","CARCINOEMBRYONIC.ANTIGEN.PRECURSOR","Metalloprotease.disintegrin.cysteine.rich.protein.precursor..MDC9..mRNA","GB.DEF...Retinoblastoma.susceptibility.protein..RB1..L486W.4.bp.deletion.mutant..resulting.in.premature.stop.at.amino.acid.490..gene..exon.16..L11910.bases.76983.77136.","Heat.Shock.Protein..70.Kda..Gb.Y00371.","COL9A2.Collagen..type.IX..alpha.2","NADH.ubiquinone.oxidoreductase.subunit.B13..B13..mRNA","Serine.Hydroxymethyltransferase..Cytosolic..Alt..Splice.2","TRYPTOPHANYL.TRNA.SYNTHETASE"
"1",0.14103308183401,0.110765401369011,0.195402298850575,0.447577729573391,0.0540747549019608,0.0401516841400848,0.0802851980270547,0.121190811064229,0.087905604719764,0.246256239600666,0.119661136604306,0.324657991324658,0.0810882197569995,0.16369578134284,0.199929353585306,0.143061516452074,0.479578392621871,0.0598301274044467,0.122067767158992,0.521178637200737,0.0127419750061259,0.379669399973968,0.0195039880358923,0.408577878103837,0.397489539748954,0.396457765667575,0.179347826086957,0.207585644371941,0.104317851959361,0.025763358778626,0.487960339943343,0.73820395738204,0.47537210372871,0.227146814404432,0.381333333333333,0.0316455696202532,0.646562905317769,0.285558384867224,0.681818181818182,0.134099616858238,0.665354330708661,0.321539416511484,0.00955414012738853,0.649819494584838,0.510316368638239,0.279374471682164
"2",0.142338943702844,0.191350342252645,0.350574712643678,0.248734634851772,0.426164215686274,0.0417131385233103,0.0600673926844753,0.233942803563057,0.179351032448378,0.122462562396007,0.299682315566537,0.103659214770326,0.095351294241944,0.29708853238265,0.180324973507594,0.353361945636624,0.600790513833992,0.196352735448414,0.0695047784535187,0.265193370165746,0.291595197255575,0.43277365612391,0.0142073778664008,0.479401805869074,0.404336249524534,0.283378746594005,0.243788819875776,0.615823817292007,0.0832728592162554,0.058206106870229,0.502124645892351,0.267884322678843,0.351542120607642,0.592797783933518,0.44,0,0.204928664072633,0.216442342670062,0.517316017316017,0.371647509578544,0.507874015748031,0.441030415890751,0.274522292993631,0.444043321299639,0.763411279229711,0.26458157227388
"3",0.142629135229251,0.0308027380211574,0.10632183908046,0.645697758496023,0.0451899509803922,0,0.104019143429213,0.0935302390998594,0.131563421828909,0.0718801996672213,0.298976350158842,0.484595706817929,0.0117538298996302,0.104872251931075,0.305192511480042,0.151645207439199,0.488801054018445,0.0864351736197852,0.11120764552563,0.370165745856354,0.0705709384954668,0.992450865547312,0.00922233300099701,0.464164785553047,0.387219475085584,0.359673024523161,0.176242236024845,0.41068515497553,0.163824383164006,0.0467557251908397,0.245042492917847,0.388127853881279,1,0.0554016620498615,0.453333333333333,0.0848101265822785,0.476005188067445,0.244816296835213,0.818181818181818,0,0.822834645669291,0.418684047175667,0.0961783439490446,0.494584837545126,0.680880330123796,0.569103972950127
"4",0.198345908299478,0.268823895457374,0.60632183908046,0.459869848156182,0.0842524509803922,0.0484050858799911,0.0851687258875812,0.180731364275668,0.120353982300885,0.163394342762063,0.248499823508648,0.587365142920699,0.0442419440042261,0.380867498514557,0.143942069939951,0.119456366237482,0.328063241106719,0.0908068948288783,0.191572545612511,0.136279926335175,0.0271992158784612,0.484446179877652,0.0121510468594217,0.468679458239278,0.328261696462533,0.30858310626703,0.0830745341614907,0.265497553017945,0.0745645863570392,0.0391221374045802,0.418555240793201,0.515981735159817,0.46800675157281,0.385041551246537,0.386666666666667,0.188607594936709,0.643968871595331,0.392870134594398,0.452380952380952,0.00383141762452107,0.413385826771654,0.716945996275605,0.170063694267516,0.15884476534296,0.559834938101788,0.199281487743026
"5",0.201247823563552,0.210640945861854,0.295977011494253,0.249457700650759,0.346660539215686,0.0785188489850547,0.0884406895541339,0.282466010314112,0.0761061946902655,0.193677204658902,0.0501235439463466,0.365142920698476,0.265583729529847,0.206476530005942,0.0697633345107736,0.329756795422031,0.538866930171278,0.148013989507869,0.052128583840139,0.121546961325967,0.281548640039206,0.666015879213849,0.0744641076769691,0.318002257336343,0.386839102320274,0.43732970027248,0.18555900621118,0.289559543230016,0.102685050798258,0.0448473282442748,0.710339943342776,1,0.434709222034679,0.434903047091413,0.605333333333333,0.1,0.347600518806744,0.201164059658057,0.816017316017316,0.272030651340996,0.586614173228346,0.911235257603973,0.162420382165605,1,0.903713892709766,0.237954353338969
"6",0.133633197910621,0.0911636589919104,0.0747126436781609,0.269703543022415,0.0283394607843137,0.0301137631050636,0.0865361136885286,0.0921237693389592,0.128023598820059,0.0938435940099834,0.198023296858454,0.347347347347347,0,0.180629827688651,0.152419639703285,0.105865522174535,0.0658761528326746,0.0793155133649763,0,0.149171270718232,0,0.532994923857868,0.0214980059820538,0,0.111449220235831,0.216621253405995,0.093944099378882,0.402936378466558,0.144412191582003,0.0149491094147583,0.330028328611898,0.313546423135464,0.638330520177996,0.601108033240997,0.530666666666667,0.208860759493671,0.14526588845655,0.225536558748636,0.456709956709957,0.268199233716475,0.889763779527559,0.185909373060211,0,0.256317689530686,0.541953232462173,0.204987320371936
"7",0.105339524085897,0.0983198506533914,0.310344827586207,0.694866232827187,0.118106617647059,0.0883337051081865,0.0824339502856864,0.197374589779653,0.0766961651917404,0.0898502495840266,0.216378397458525,0.417083750417084,0.0301109350237718,0.263220439691028,0.238078417520311,0.0135908440629471,0.246376811594203,0.107294529103173,0.108166811468288,0,0.0803724577309483,0.706625016269686,0.011154037886341,0.482505643340858,0.281095473564093,0.197547683923706,0.105590062111801,0.112969004893964,0.122278664731495,0.0451653944020356,0.43413597733711,0.362252663622527,0.398956575111247,0,0.328,0.282278481012658,0.619325551232166,0.380502000727537,0.222943722943723,0.252873563218391,0.688976377952756,0.320608317815022,0.310828025477707,0.137184115523466,0.441540577716644,0.265849535080304
"8",0.0665989553105049,0.0731176104542626,0.0718390804597701,0.342733188720174,0.032781862745098,0.131385233102833,0.105679542901792,0,0.0837758112094395,0,0.500882456759619,0.507062618173729,0.03486529318542,0.125074272133096,0.276227481455316,0,0.151515151515152,0.147764176867349,0.221112076455256,0.206261510128913,0.1058564077432,0.256930886372511,0,0.579571106094808,0.519208824648155,0.166212534059946,0.110248447204969,0.442495921696574,0.105950653120464,0.0448473282442748,0.400849858356941,0.383561643835616,0.53444836581249,0.28808864265928,0.736,0.20126582278481,0.394941634241245,0.344125136413241,0,0.0996168582375479,0.413385826771654,0.140285536933582,0.454140127388535,0.397111913357401,0.149931224209078,0.35207100591716
"9",0.0654381892048752,0.0821406347230865,0.00574712643678161,0.349963846710051,0.0908394607843137,0.0022306491188936,0.107388777652977,0.319503047351149,0.139823008849558,0.0841930116472546,0.39710554182845,0.433210988766544,0.0797675647120972,0.0790255496137849,0.22712822324267,0.247496423462089,0.296442687747036,0.190856857356982,0.105560382276281,0.154696132596685,0.0382259250183778,1,0.0138334995014955,0.529063205417607,0.336629897299353,0.653269754768392,0.093167701863354,0.814437194127243,0.176523947750363,0.044529262086514,0.247875354107649,0.589041095890411,0.997391437778119,0.831024930747922,0.4,0.0632911392405063,0.378080415045396,0.309930883957803,0.417748917748918,0.268199233716475,0.740157480314961,0.847610180012415,0.344585987261146,0.465703971119134,0.708390646492435,0.364327979712595
"10",0.169181659895531,0.0420037336652147,0.135057471264368,0.459146782357195,0.168198529411765,0.0432745929065358,0.0461005030033696,0.0672761368963901,0.102064896755162,0.075873544093178,0.382280268266855,0.163719274830386,0.0480718436344427,0.0614973262032086,0.114447191805016,0.225321888412017,0.233201581027668,0.188733449912566,0.0855777584708949,0.176795580110497,0.0612594952217594,0.664453989327086,0.0404411764705882,0.351015801354402,0.237732978318752,0.499318801089918,0.114130434782609,0.534257748776509,0.188497822931785,0.0321246819338422,0.493626062322946,0.10958904109589,0.663188583704158,0.326869806094183,0.237333333333333,0.207594936708861,0.165369649805447,0.197526373226628,0.647186147186147,0.452107279693487,0.641732283464567,0.913718187461204,0.189808917197452,0.364620938628159,0.895460797799175,0.187658495350803
"11",0.0941671503192107,0.00777846919726198,0.0890804597701149,0.384671005061461,0.0831801470588235,0.0350211911666295,0.0780876104898178,0.0822784810126582,0.11976401179941,0.0675540765391015,0.196258383339216,0.29662996329663,0.0470153195985209,0.387997623291741,0.133168491699046,0.349785407725322,0.469038208168643,0.0855608293779665,0.076889661164205,0.0534069981583794,0.0208282283753982,0.838474554210595,0.0170114656031904,0.210778781038375,0.367440091289464,0.598092643051771,0.121894409937888,0.497145187601958,0.0986937590711176,0.0413486005089059,0.565155807365439,0.380517503805175,0.402332361516035,0.686980609418283,0.354666666666667,0.230379746835443,0.254863813229572,0.140414696253183,0.467532467532468,0.75095785440613,0.240157480314961,0.587523277467412,0.00700636942675159,0.335740072202166,0.662998624484182,0.192941673710904
"12",0.156993615786419,0.121344119477287,0,0.174258857556038,0.291819852941176,0.122239571715369,0.105386531230161,0.148382559774965,0.0625368731563422,0.0569051580698835,0.292975644193435,0.0405961517072628,0.0804278922345483,0.175579322638146,0.042917696926881,0.13447782546495,0.220026350461133,0.0158631026729953,0.050390964378801,0.29097605893186,0.1720166625827,0.0972276454509957,0.106493020937188,0.37020316027088,0.357930772156714,0.214577656675749,0.135869565217391,0.103996737357259,0.0551523947750363,0.022264631043257,0.53328611898017,0.103500761035008,0.239373945066749,0.293628808864266,0.0693333333333333,0.193670886075949,0.110894941634241,0.113859585303747,0.61038961038961,0.226053639846743,0.232283464566929,0.0977653631284916,0.192356687898089,0.368231046931408,0.656121045392022,0.0824175824175824
"13",0.202843876958793,0.0846297448662103,0.275862068965517,0.226319595083153,0.186121323529412,0.044612982377872,0.0499096547345803,0.0897796530707923,0.0584070796460177,0.169883527454243,0.288033886339569,0.507173840507174,0.0917855256207079,0.0748663101604278,0.00900741787354292,0.142346208869814,0.297760210803689,0.184736447664252,0.0382276281494353,0.788213627992634,0.187944131340358,0.99492385786802,0.0173853439680957,0.493792325056433,0.353366298972994,0.442098092643052,0.0846273291925466,0.201876019575856,0.0344702467343977,0.0311704834605598,0.559490084985836,0.791476407914764,0.617001687893202,0.379501385041551,0.613333333333333,0.160759493670886,0.335927367055772,0.0858493997817388,0.636363636363636,0.540229885057471,0.354330708661417,0.723774053382992,0.125477707006369,0.545126353790614,1,0.139475908706678
"14",0.150029019152641,0.180460485376478,0.186781609195402,0.299349240780911,0.0845588235294118,0.104840508587999,0.0830199736289496,0.328879512423816,0.11976401179941,0.117970049916805,0.13907518531592,0.149927705483261,0.103407290015848,0.130718954248366,0.172553867891205,0.185979971387697,0.284584980237154,0.125031226580065,0.0738488271068636,0.189686924493554,0.100710610144572,0.215670961863855,0.0218095712861416,0.401241534988713,0.386458729554964,0.167574931880109,0.130434782608696,0.0407830342577488,0.079100145137881,0.325381679389313,0.487252124645892,0.710806697108067,0.247966855915298,0.121883656509695,0.522666666666667,0.19493670886076,0.254863813229572,0.216078574026919,0.512987012987013,0.14176245210728,0.236220472440945,0.434202358783364,0.217197452229299,0.209386281588448,0.56121045392022,0.20519864750634
"15",0.233894370284388,0.262912258867455,0.433908045977011,0.234996384671005,0.23406862745098,0.0718269016283739,0.0674903550324755,0.199484294421003,0.0289085545722714,0.105823627287854,0.244264031062478,0.570014458903348,0.0907290015847861,0.139334521687463,0.0469798657718121,0.21173104434907,0.41501976284585,0.175743192605546,0.0364900086880973,0.233885819521179,0.196275422690517,0.935702199661591,0.0367647058823529,0.347911963882619,0.294028147584633,0.598773841961853,0.141304347826087,0.442495921696574,0.0589622641509434,0.0263994910941476,0.604107648725212,0.832572298325723,0.401565137333129,0.578947368421053,1,0.146835443037975,0.302853437094682,0.151691524190615,0.590909090909091,0.222222222222222,0.881889763779528,0.612662942271881,0.108917197452229,0.364620938628159,0.911966987620358,0.210481825866441
"16",0.220835751596053,0.0871188550093342,0.0603448275862069,0.211858279103398,0.0663296568627451,0.124470220834263,0.0654392733310544,0.112986404125645,0.0902654867256637,0.0482529118136439,0.046946699611719,0.46046046046046,0.0686740623349181,0.0828877005347594,0.0118332744613211,0.104434907010014,0.306982872200263,0.0901823632275793,0.134665508253692,0.0976058931860037,0.11002205341828,0.778992581023038,0.237973579262213,0.415349887133183,0.439710916698364,0.440735694822888,0.0799689440993789,0,0.128084179970972,0.0213104325699746,0.453257790368272,0.748858447488584,0.380082860211754,0.28808864265928,0.741333333333333,0.0518987341772152,0.335278858625162,0.244088759548927,0.556277056277056,0.134099616858238,0.771653543307087,0.586281812538796,0.212738853503185,0.530685920577617,0.693259972489684,0.153846153846154
"17",0.232153221125943,0.163347853142502,0.316091954022989,0,0.126531862745098,0.28574615213027,0.0424378571079748,0.296999531176746,0.15693215339233,0.657404326123128,0.279915284151077,0.775108441775108,0.0833333333333333,0.127450980392157,0.186683150830095,0.0422031473533619,0.530961791831357,0.19872595553335,0.0751520417028671,0.0755064456721915,0.158294535653026,0.306651047767799,0.105807577268195,0.262979683972912,0.576264739444656,0.241825613079019,0.25388198757764,0.831566068515498,0.0954281567489115,1,0.590651558073654,0.776255707762557,0.905784870339113,0.263157894736842,0.426666666666667,0.137974683544304,0,0.385958530374682,0.943722943722944,0.126436781609195,0.429133858267717,0.561142147734326,0.221656050955414,0.202166064981949,0.537826685006878,0.498520710059172
"18",0.154381892048752,0.165214685749844,0.264367816091954,0.237165582067968,0.154411764705882,0.0492973455275485,0.0350637300385799,0.120487576183779,0.0926253687315634,0.0613976705490849,0,0.110332554776999,0.0433174854727945,0.230540701128936,0.0206640762981279,0.15379113018598,0.313570487483531,0.0926804896327754,0.0668983492615117,0.211786372007366,0.242097525116393,0.152804893921645,0.0274800598205384,0.321952595936795,0.417268923545074,0.338555858310627,0.18555900621118,0.204730831973899,0.210812772133527,0.0388040712468193,0.544617563739377,0.756468797564688,0.216817554089305,0.407202216066482,0.272,0.20253164556962,0.603761348897536,0.153146598763187,0.562770562770563,0.310344827586207,0,0.128181253879578,0.303184713375796,0.209386281588448,0.911966987620358,0.361369399830938
"19",0.187028438769588,0.0108898568761668,0.270114942528736,0.475777295733912,0.125612745098039,0.243586883783181,0.0442935976949749,0.0972808251289264,0.195870206489676,0.0767054908485857,0.162725026473703,0.360471582693805,0.0458267300581088,0,0.089897562698693,0.0987124463519313,0.209486166007905,0.253934549088184,0.0838401390095569,0.114180478821363,0.283263905905415,0.830795262267343,0.0458000997008973,0.514672686230248,0.430962343096234,0.309264305177112,0.140527950310559,0.31810766721044,0.090166908563135,0.0124045801526718,0.489376770538244,0.275494672754947,0.23952738990333,0.470914127423823,0.514666666666667,0.106329113924051,0.278210116731518,0.205529283375773,0.367965367965368,0.375478927203065,0.586614173228346,0.497517070142768,0.0165605095541401,0.830324909747292,0.723521320495186,0.213229078613694
"20",0.217788740568775,0.188861232109521,0.0431034482758621,0.422993492407809,0.272518382352941,0.242917689047513,0,0.389592123769339,0.191740412979351,0.181863560732113,0.164136957289093,0.74341007674341,0.13365029054411,0.065359477124183,0.0957258919109855,0.105865522174535,0.52437417654809,0.310392205845616,0.0573414422241529,0.230202578268877,0.491546189659397,0.980085903943772,0.0396311066799601,0.624717832957111,0.429821224800304,1,0.239130434782609,0.718189233278956,0.0742017416545718,0.0365776081424936,0.680594900849858,0.995433789954338,0.798373484732239,0.371191135734072,0.997333333333333,0.137974683544304,0.420233463035019,0.227719170607494,1,0.432950191570881,1,1,0.15859872611465,0.743682310469314,0.647867950481431,0.288461538461538
"21",0.107661056297156,0.13627878033603,0.117816091954023,0.27114967462039,0.181832107843137,0.154583983939326,0.0588465107193437,0.149085794655415,0.0920353982300885,0.0903494176372712,0.291210730674197,1,0.096539883782356,0.0481283422459893,0,0.135908440629471,0,0.00562078441169123,0.0773240660295395,0,0.0874785591766724,0.734999349212547,0.0120264207377866,0.270880361173815,0.274248763788513,0.455722070844687,0.165372670807453,0.0424143556280587,0.02322206095791,0.0248091603053435,1,0.427701674277017,0.241829062452048,0.578947368421053,0.834666666666667,0.325316455696203,0.173151750972763,0,0.70995670995671,0.850574712643678,0.720472440944882,0.695530726256983,0.137579617834395,0.725631768953069,0.744154057771664,0
"22",0.115496227510157,0.0715619166148102,0.192528735632184,0.279103398409255,0.0920649509803922,0.0434976578184252,0.0752063290521072,0.0743084857008908,0.071976401179941,0.075540765391015,0.240734204024003,0.517183850517184,0.0702588483888009,0.26232917409388,0.0983751324620275,0.11516452074392,0.465085638998682,0,0.0942658557775847,0.165745856353591,0.264150943396226,0.0780944943381492,0.0191924227318046,0.356941309255079,0.400532521871434,0.0844686648501362,0.123447204968944,0.0362969004893964,0.0838171262699565,0,0.628895184135977,0.19634703196347,0.21497621605033,0.650969529085873,0.224,0.116455696202532,0.491569390402075,0.305565660240087,0.614718614718615,0.28735632183908,0.771653543307087,0,0.00636942675159236,0.436823104693141,0.587345254470426,0.178782755705833
"23",0.0821242019733024,0,0.103448275862069,0.428054953000723,0.0621936274509804,0.0970332366718715,0.0995751330761342,0.0745428973277075,0.0873156342182891,0.0843594009983361,0.103070949523473,0.322433544655767,0.00898045430533545,0.138443256090315,0.11515365595196,0.080829756795422,0.13965744400527,0.0479640269797652,0.101650738488271,0.25414364640884,0.0367556971330556,0.305089157881036,0.013771186440678,0.534424379232506,0.223659186002282,0.243188010899183,0.159937888198758,0.320146818923328,0.104317851959361,0.0286259541984733,0.387393767705382,0.299847792998478,0.60564676998619,0.650969529085873,0.0533333333333333,0.245569620253165,0.30674448767834,0.207348126591488,0.614718614718615,0.272030651340996,0.216535433070866,0.350713842333954,0.0121019108280255,0.212996389891697,0.680880330123796,0.138419273034658
"24",0.130005803830528,0.157436216552582,0.46264367816092,0.720173535791757,0.103860294117647,0.0709346419808164,0.0779411046540021,0.169010782934834,0.0625368731563422,0.131281198003328,0.230497705612425,0.626070514959404,0.0998415213946117,0.177956030897207,0.0923701872129989,0.294706723891273,0.25296442687747,0.136647514364227,0.0664639443961772,0.0828729281767956,0.098260230335702,0.48691917219836,0.019690927218345,0.210214446952596,0.352605553442374,0.348773841961853,0.108695652173913,0.301794453507341,0.067489114658926,0.0321246819338422,0.558781869688385,0.789954337899543,0.376246739297223,0.833795013850416,0.645333333333333,0.20379746835443,0.328145265888457,0.140414696253183,0.541125541125541,0.241379310344828,0.751968503937008,0.648975791433892,0.178343949044586,0.848375451263538,0.631361760660248,0.148985629754861
"25",0.199361578641904,0.0127566894835096,0.00574712643678161,0.35647143890094,0.0681678921568627,0.128708454160161,0.0666113200175807,0.107360525082044,0.164011799410029,0.0499168053244592,0.0751853159195199,0.187520854187521,0.0301109350237718,0.0995246583481878,0.148887318968562,0.0908440629470672,0.147562582345191,0.141893579815139,0.0764552562988706,0.412523020257827,0.255329576084293,0.491865156839776,0.0244267198404786,0.340857787810384,0.420692278432864,0.314713896457766,0.295807453416149,0.202283849918434,0.0818214804063861,0.0381679389312977,0.575070821529745,0.284627092846271,0.334509743747123,0.157894736842105,0.192,0.127848101265823,0.40402075226978,0.211713350309203,0.461038961038961,0.28735632183908,0.559055118110236,0.538175046554935,0.156050955414013,0.350180505415162,0.656121045392022,0.169695688926458
"26",0.160621009866512,0.0805849408836341,0.316091954022989,0.206073752711497,0.0975796568627451,0.0803033682801695,0.0435122332372906,0.115330520393812,0,0.155906821963394,0.077303212142605,0.342453564675787,0.105256207078711,0.163992869875223,0.0249028611797951,0.0965665236051502,0.117259552042161,0.111791156632526,0.0890529973935708,0.0626151012891344,0.236461651555991,0.41168814265261,0.028227816550349,0.338318284424379,0.372765310003804,0.427792915531335,0.118788819875776,0.269575856443719,0,0.0340330788804071,0.617563739376771,0.567732115677321,0.294307196562836,0.351800554016621,0.290666666666667,0.181012658227848,0.33852140077821,0.126227719170607,0.619047619047619,0.118773946360153,0.78740157480315,0.430788330229671,0.206369426751592,0.339350180505415,0.720770288858322,0.181107354184277
"27",0,0.147479775980087,0.014367816091954,0.0281995661605206,0,0.00557662279723399,0.0506910191922645,0.10267229254571,0.136873156342183,0.0301164725457571,0.116131309565831,0.299299299299299,0.0484680401479134,0.109625668449198,0.169374779229954,0.0207439198855508,0.191040843214756,0.0188608543592306,0.00390964378801043,0.232044198895028,0.272482234746386,0.222699466354289,0.0102193419740778,0.56461625282167,0,0.0858310626702997,0,0.109706362153344,0.131712626995646,0.048027989821883,0.493626062322946,0.368340943683409,0.320392818781648,0.565096952908587,0.338666666666667,0.140506329113924,0.551880674448768,0.294652600945798,0.58008658008658,0.199233716475096,0.248031496062992,0.22129112352576,0.34203821656051,0.657039711191336,0.50343878954608,0.379543533389687
"28",0.52539175856065,0.518046048537648,1,0.634851771511208,0.449908088235294,0.166183359357573,0.699614201299018,0.630098452883263,0.109734513274336,0.230948419301165,0.373808683374515,0.104548993437882,0.249603803486529,0.338680926916221,0.157894736842105,0.424177396280401,0.453227931488801,0.142143392455658,0.282797567332754,0.285451197053407,0.366331781426121,0.0888975660549265,0.449713359920239,0.533013544018059,0.685812095853937,0.0912806539509537,0.129658385093168,0.635807504078303,0.109760522496372,0.692111959287532,0.43413597733711,0.313546423135464,0.140708915145005,0.479224376731302,0.00533333333333333,0.0911392405063291,0.410505836575875,0.160058202982903,0.16017316017316,0.532567049808429,0.149606299212598,0.132526381129733,0.331847133757962,0,0.500687757909216,0.257185122569738
"29",0.250145095763204,0.225886745488488,0.827586206896552,0.352856109906001,0.1015625,0.369618559000669,0.102309908678029,0.485700890764182,0.257227138643068,0.239434276206323,0.37027885633604,0.0771882994105216,0.0958795562599049,0.182115270350564,0.221476510067114,0.103004291845494,0.0882740447957839,0.106420184861354,0.279756733275413,0.276243093922652,0.266846361185984,0.0508915788103605,1,0.553893905191874,0.550779764168886,0,0.324534161490683,0.90415986949429,0.0921625544267054,0.388676844783715,0.28399433427762,0.150684931506849,0.22479668559153,0.767313019390582,0.106666666666667,0.220253164556962,0.400129701686122,0.304474354310658,0.32034632034632,0.122605363984674,0.362204724409449,0.0763500931098696,0.190445859872611,0.0108303249097473,0.658872077028886,0.221682163989856
"30",0.803395240858967,0.845675171126322,0.793103448275862,0.610267534345625,0.91436887254902,0.248494311844747,0.430580651462617,0.964369432723863,1,1,1,0.0319208096985875,0.631273111463286,1,0.632815259625574,1,0.9433465085639,0.349362977766675,0.213292788879235,0.429097605893186,0.701298701298701,0.201613952882988,0.140952143569292,0.607505643340858,0.492963103841765,0.0470027247956403,0.191770186335404,0.59584013050571,0.5,0.662531806615776,0.368980169971671,0.345509893455099,0.177228786251343,0.947368421052632,0.170666666666667,0.910126582278481,0.813878080415045,0.299017824663514,0.261904761904762,0.904214559386973,0.015748031496063,0.0468653010552452,0.428025477707006,0.0252707581227437,0.327372764786795,0.620033812341505
"31",0.476784677887406,0.743621655258245,0.873563218390805,0.745480838756327,0.813878676470588,0.761766674102164,0.52717683254383,0.492967651195499,0.490855457227139,0.520133111480865,0.427815037063184,0,0.420232435287903,0.672311348781937,0.480042387848817,0.759656652360515,1,0.76292780414689,0.137271937445699,0.813996316758748,0.928938985542759,0.0558375634517767,0.0785144566301097,0.755079006772009,0.548877900342336,0.0817438692098093,0.686335403726708,0.83768352365416,0.38388969521045,0.251272264631043,0.11614730878187,0.0441400304414003,0.0965168022096057,0.709141274238227,0.165333333333333,0.4,0.815175097276265,0.598035649327028,0.261904761904762,0.647509578544061,0.078740157480315,0.150527622594662,0.0923566878980892,0.144404332129964,0.308115543328748,1
"32",0.34024956471271,0.241132545115121,0.181034482758621,0.650036153289949,0.289981617647059,1,0.172779215705426,0.150726676043132,0.444837758112094,0.208985024958403,0.645252382633251,0.0549438327216105,0.131801373481247,0.463161021984551,0.471388202048746,0.229613733905579,0.976284584980237,1,0.195047784535187,0.749539594843462,0.446949277137956,0,0.371323529411765,0.760440180586907,0.561049828832256,0.0381471389645777,1,0.595024469820555,0.178701015965167,0.19529262086514,0.310198300283286,0,0.0860825533220807,1,0.173333333333333,0.134177215189873,0.658236057068742,1,0.354978354978355,0.647509578544061,0.015748031496063,0.114214773432651,0.361146496815287,0.270758122743682,0.321870701513067,0.523668639053254
"33",0.420487521764364,0.208462974486621,0.833333333333333,0.757772957339118,1,0.511264778050413,0.0688577428334229,0.246835443037975,0.23834808259587,0.258069883527454,0.200141193081539,0.0676231787342898,0.145800316957211,0.445335710041592,0.268809607912398,0.187410586552217,0.675889328063241,0.239820134898826,0.139009556907037,0.570902394106814,0.1720166625827,0.143693869582194,0.0427467597208375,0.498024830699774,0.664511220996577,0.19141689373297,0.456521739130435,1,0.297351233671988,0.0779262086513995,0.327903682719547,0.0806697108066971,0.221881233696486,0.806094182825485,0.168,1,0.559014267185473,0.257184430702073,0.30952380952381,0.601532567049808,0.421259842519685,0.167597765363128,0.351592356687898,0.187725631768953,0.519944979367263,0.315722738799662
"34",0.58357515960534,0.403235843186061,0.525862068965517,0.985538684020246,0.241421568627451,0.493642650011153,1,0.299812470698547,0.317994100294985,0.401830282861897,0.232262619131663,0.12523634745857,0.229529846804015,0.115567439096851,0.108265630519251,0.199570815450644,0.316205533596838,0.542593055208594,1,0.524861878453039,0.748100955648126,0.190290251203957,0.153352442671984,0.386568848758465,0.616964625332826,0.14850136239782,0.416149068322981,0.561990212071778,0.0830914368650218,0.345419847328244,0.375354107648725,0.308980213089802,0.116004296455424,0.905817174515235,0.229333333333333,0.19620253164557,0.276913099870298,0.507457257184431,0.374458874458874,0.524904214559387,0.429133858267717,0.0747982619490999,0.129299363057325,0.252707581227437,0.840440165061898,0.125950972104818
"35",1,0.835407591785936,0.916666666666667,0.922631959508315,0.723805147058823,0.110640196297122,0.530155784538751,1,0.56401179941003,0.799168053244592,0.8439816448994,0.0332554776999221,1,0.560011883541295,0.41910985517485,0.734620886981402,0.989459815546772,0.386834873844617,0.314074717636838,1,1,0.199010803071717,0.0380109670987039,0.635722347629797,0.360593381513884,0.0551771117166213,0.184006211180124,0.446574225122349,1,0.426526717557252,0.388101983002833,0.0563165905631659,0,0.523545706371191,0.197333333333333,0.136708860759494,0.582360570687419,0.333939614405238,0.523809523809524,0.796934865900383,0.200787401574803,0.69366852886406,0.740764331210191,0.216606498194946,0.40302613480055,0.677514792899408
"36",0.322402785838654,0.317050404480398,0.545977011494253,1,0.285845588235294,0.223287976801249,0.422571665771353,0.554617909048289,0.858997050147493,0.201830282861897,0.556653723967526,0.0246913580246914,0.247094558901215,0.335115864527629,1,0.303290414878398,0.474308300395257,0.16637521858606,0.293657688966116,0.388581952117864,0.134770889487871,0.219315371599636,0.714232303090728,0.446106094808126,0.298212248003043,0.117847411444142,0.161490683229814,0.793230016313214,0.3394412191582,0.675572519083969,0.344192634560907,0.213089802130898,0.458646616541353,0.714681440443213,0.176,0.258227848101266,0.598573281452659,0.278283012004365,0.359307359307359,0.310344827586207,0.196850393700787,0.0915580384854128,0.385987261146497,0.328519855595668,0.378266850068776,0.352493660185968
"37",0.57617527568195,0.83105164903547,0.724137931034483,0.94649313087491,0.604473039215686,0.230872183805487,0.0897592420764761,0.412095639943741,0.0766961651917404,0.400665557404326,0.404871161313096,0.0957624290957624,0.221737982039091,0.16250742721331,0.234546096785588,0.359799713876967,0.635046113306983,0.233449912565576,0.215464813205908,0.294659300184162,0.108061749571184,0.145125601978394,0.0290378863409771,0.883747178329571,0.524914416127805,0.217983651226158,0.142080745341615,0.380097879282219,0.218976777939042,0.0648854961832061,0.345609065155807,0.245053272450533,0.192573269909468,0.545706371191136,0.309333333333333,0.589873417721519,0.562256809338521,0.366678792288105,0.406926406926407,0.344827586206897,0.566929133858268,0.0679702048417132,0.488535031847134,0.227436823104693,0.203576341127923,0.37552831783601
"38",0.603017991874637,1,0.267241379310345,0.958062183658713,0.602941176470588,0.449921927280839,0.242711334668164,0.208391936240038,0.205309734513274,0.731114808652246,0.62689728203318,0.0165721276832388,0.330427892234548,0.6524064171123,0.355704697986577,0.86480686695279,0.716732542819499,0.343242568073945,0.25238922675934,0.379373848987109,0.356040186228865,0.193153715996356,0.519005483549352,1,1,0.0272479564032698,0.508540372670807,0.584828711256117,0.320936139332366,0.548982188295165,0,0.133942161339422,0.122448979591837,0.584487534626039,0,0.892405063291139,1,0.672608221171335,0.177489177489178,1,0.0905511811023622,0.0341402855369336,1,0.245487364620939,0,0.876373626373626
